지표 (Metric),Value
정확도 (Accuracy),0.9976190476190476
민감도 (Sensitivity),0.9944444444444445
특이도 (Specificity),1.0
정밀도 (Precision),1.0
F1 점수,0.9972144846796658
AUC,0.9997222222222222
